country,total_customers,active_customers,total_orders,total_revenue,avg_order_value,avg_customer_clv,total_clv,market_category,orders_per_customer,revenue_per_customer
Germany,6267,5294,15656,6410466.31,409.45748019928465,2191.0819347215124,34303578.77,Top Market,2.5,1022.89
UK,6311,5268,15265,6328018.97,414.5443150999017,2179.126840484769,33264371.22,Top Market,2.42,1002.7
US,6163,5193,15597,6324569.76,405.49911906135793,2286.522106174264,35662885.29,Top Market,2.53,1026.22
France,6265,5234,15267,6314339.97,413.5940243662802,2261.678213139451,34529041.28,Top Market,2.44,1007.88
Japan,6354,5326,15656,6300725.72,402.44798926928974,2198.982874936127,34427275.89,Top Market,2.46,991.62
India,6217,5198,15379,6259253.82,407.0000533194616,2254.1176123285,34666074.76,Top Market,2.47,1006.8
Australia,6158,5160,15059,6136441.35,407.49328308652633,2191.3493671558535,32999530.12,Top Market,2.45,996.5
Canada,6265,5308,15277,6133586.41,401.4915500425476,2106.8542429796425,32186412.27,Top Market,2.44,979.02
